{"Stake": 0.0, "Rank": 0.0, "Incentive": 0.0, "w_2,0": 0.9990000128746033, "w_2,1": 0.9980000257492065, "w_2,2": 0.9980000257492065, "w_2,3": 0.9990000128746033, "w_2,4": 1.0, "w_2,5": 1.0, "w_2,6": 1.09673011302948, "w_2,7": 1.0, "w_2,8": 1.0, "w_2,9": 0.8435658812522888, "w_2,10": 1.0597039461135864, "w_2,11": 0.9970000386238098, "w_2,12": 0.9990000128746033, "w_2,13": 0.9970000386238098, "w_2,14": 0.9980000257492065, "w_2,15": 0.9980000257492065, "w_2,16": 0.9990000128746033, "w_2,17": 0.9970000386238098, "w_2,18": 0.9980000257492065, "w_2,19": 0.9990000128746033, "w_2,20": 0.9980000257492065, "w_2,21": 0.9990000128746033, "w_2,22": 0.9970000386238098, "w_2,23": 0.9980000257492065, "w_2,24": 0.9980000257492065, "w_2,25": 0.9980000257492065, "w_2,26": 1.0, "w_2,27": 0.9990000128746033, "w_2,28": 0.9970000386238098, "w_2,29": 0.9990000128746033, "w_2,30": 0.9980000257492065, "w_2,31": 0.9970000386238098, "w_2,32": 0.9990000128746033, "w_2,33": 0.9970000386238098, "w_2,34": 0.9990000128746033, "w_2,35": 0.9990000128746033, "w_2,36": 0.9990000128746033, "w_2,37": 0.9990000128746033, "_runtime": 79, "_timestamp": 1629416831, "_step": 0}