{"Stake": 0.0, "Rank": 0.0, "Incentive": 0.0, "Axon QPS": 0.0, "w_0,2": 0.0, "w_1,2": 0.0, "w_2,2": 1.0, "w_3,2": 0.0, "w_4,2": 0.0, "w_5,2": 7.118796929717064e-06, "w_6,2": 0.0011887706350535154, "w_7,2": 0.0, "w_8,2": 0.0, "w_9,2": 0.0009723713155835867, "w_10,2": 0.0, "w_11,2": 0.012437824159860611, "w_12,2": 0.0013475001323968172, "w_13,2": 0.0, "w_14,2": 0.007435010280460119, "w_15,2": 0.0, "w_16,2": 0.0, "w_17,2": 0.0, "w_18,2": 0.0, "w_19,2": 0.0, "w_20,2": 0.0, "w_21,2": 0.0, "w_22,2": 0.008307398296892643, "w_23,2": 0.03344981372356415, "w_24,2": 0.00543634220957756, "w_25,2": 0.0, "w_26,2": 0.0, "w_27,2": 0.019340964034199715, "w_28,2": 0.0, "w_29,2": 0.0, "w_30,2": 0.0, "w_31,2": 0.0, "w_32,2": 0.005310175474733114, "w_33,2": 0.0, "w_34,2": 0.02488188073039055, "w_35,2": 0.0, "w_36,2": 0.0, "w_37,2": 0.0, "_runtime": 10, "_timestamp": 1629411046, "_step": 0}