{"S": {"_type": "histogram", "values": [1005, 98, 53, 29, 34, 20, 10, 7, 8, 12, 2, 8, 2, 5, 3, 1, 2, 2, 2, 0, 1, 0, 0, 1, 0, 0, 1, 1, 0, 0, 0, 1], "bins": [0.0, 400.2698669433594, 800.5397338867188, 1200.8095703125, 1601.0794677734375, 2001.349365234375, 2401.619140625, 2801.88916015625, 3202.158935546875, 3602.4287109375, 4002.69873046875, 4402.96875, 4803.23828125, 5203.50830078125, 5603.7783203125, 6004.0478515625, 6404.31787109375, 6804.587890625, 7204.857421875, 7605.12744140625, 8005.3974609375, 8405.6669921875, 8805.9375, 9206.20703125, 9606.4765625, 10006.7470703125, 10407.0166015625, 10807.2861328125, 11207.556640625, 11607.826171875, 12008.095703125, 12408.3662109375, 12808.6357421875]}, "_runtime": 21, "_timestamp": 1626908212, "_step": 1}