{"Stake": 0.0, "Rank": 0.0, "Incentive": 0.0, "w_2,0": 0.018861178308725357, "w_2,36": 0.037741098552942276, "w_2,2": 0.037741098552942276, "w_2,3": 0.018861178308725357, "w_2,4": 0.018861178308725357, "w_2,35": 0.037741098552942276, "w_2,33": 0.037741098552942276, "w_2,7": 0.018861178308725357, "w_2,32": 0.018861178308725357, "w_2,9": 0.09449473768472672, "w_2,10": 0.018861178308725357, "w_2,31": 0.018861178308725357, "w_2,30": 0.018861178308725357, "w_2,27": 0.037741098552942276, "w_2,14": 0.018861178308725357, "w_2,26": 0.018861178308725357, "w_2,16": 0.018861178308725357, "w_2,17": 0.018861178308725357, "w_2,25": 0.037741098552942276, "w_2,23": 0.018861178308725357, "w_2,40": 0.037741098552942276, "w_2,22": 0.018861178308725357, "_runtime": 265, "_timestamp": 1629481399, "_step": 7, "w_2,5": 0.018861178308725357, "w_2,6": 0.018861178308725357, "w_2,8": 0.018861178308725357, "w_2,11": 0.018861178308725357, "w_2,12": 0.018861178308725357, "w_2,15": 0.018861178308725357, "w_2,18": 0.02127268724143505, "w_2,19": 0.037741098552942276, "w_2,20": 0.018861178308725357, "w_2,39": 0.018861178308725357, "w_2,24": 0.018861178308725357, "w_2,1": 0.018861178308725357, "w_2,28": 0.018861178308725357, "w_2,29": 0.018861178308725357, "w_2,34": 0.018861178308725357, "w_2,37": 0.018861178308725357, "w_2,38": 0.037741098552942276, "w_2,13": 0.018861178308725357, "w_2,21": 0.018861178308725357}